,Model,MAE,MAPE,RMSE
0,SARIMA,908540.2124779637,84.16571418849652,943228.7995406511
0, XGBoost, 20194.843756249993, 1.973798799783059, 27703.199638155944
0, Random Forest, 17498.82, 1.5164467485496762, 27113.231079261543
