,MAE,MAPE,RMSE
naive_forecast,91888.36315,7.952818491,101004.8284
seasonal_forecast_daily,42076.11032,3.776679602,56824.4416
seasonal_forecast_weekly,26793.51712,2.438671474,36241.25601
seasonal_forecast_yearly,121357.7063,10.99662323,142803.2273
random_walk_forecast,91904.35911,7.954216461,101027.4063
linear_regression,26460.96301,2.408141781,37274.37019
xboost,26460.96301,2.408141781,37274.37019
random_forest,21465.22706,1.941914961,31865.82941